name,continent,co2_emissions,climate,area,latitude,longitude,population
Afghanistan,Asia,7.893,14.48,652230,33 00 N,65 00 E,40121552
Albania,Europe,3.794,13.31,27398,41 00 N,20 00 E,3107100
Algeria,Africa,151.633,24.11,2381740,28 00 N,3 00 E,47022473
American Samoa,Oceania,0.355,27.31,224,14 20 S,170 00 W,43895
Andorra,Europe,0.483,9.73,468,42 30 N,1 30 E,85370
Angola,Africa,19.362,21.63,1246700,12 30 S,18 30 E,37202061
Antigua and Barbuda,North and Central America,0.729,27.06,443,17 03 N,61 48 W,102634
Argentina,South America,193.205,15.07,2736690,34 00 S,64 00 W,46994384
Armenia,Asia,6.354,8.64,28203,40 00 N,45 00 E,2976765
Aruba,North and Central America,1.254,28.82,180,12 30 N,69 58 W,125063
Australia,Oceania,417.87,21.96,7682300,27 00 S,133 00 E,26768598
Austria,Europe,65.54,8.65,83871,47 20 N,13 30 E,8967982
Azerbaijan,Asia,35.389,13.84,86600,40 30 N,47 30 E,10650239
Bahamas,North and Central America,3.984,26.05,13880,24 15 N,76 00 W,410862
Bahrain,Asia,43.112,28.84,760,26 00 N,50 33 E,1566888
Bangladesh,Asia,96.18,25.74,148460,24 00 N,90 00 E,168697184
Barbados,North and Central America,1.703,26.45,430,13 10 N,59 32 W,304139
Belarus,Europe,54.695,7.98,207600,53 00 N,28 00 E,9501451
Belgium,Europe,128.247,11.98,30528,50 50 N,4 00 E,11977634
Belize,North and Central America,0.541,25.83,22966,17 15 N,88 45 W,415789
Benin,Africa,6.903,28.09,112622,9 30 N,2 15 E,14697052
Bhutan,Asia,0.934,10.56,38394,27 30 N,90 30 E,884546
Bolivia,South America,17.786,20.68,1098581,17 00 S,65 00 W,12311974
Bosnia and Herzegovina,Europe,16.209,11.57,51197,44 00 N,18 00 E,3798671
Botswana,Africa,5.965,22.00,581730,22 00 S,24 00 E,2450668
Brazil,South America,456.67,25.54,8515770,10 00 S,55 00 W,220051512
Brunei,Asia,9.956,27.00,5765,4 30 N,114 40 E,491900
Bulgaria,Europe,38.373,12.28,110879,43 00 N,25 00 E,6782659
Burkina Faso,Africa,4.444,29.28,274200,13 00 N,2 00 W,23042199
Burma,Asia,31.848,23.96,676578,22 00 N,98 00 E,57527139
Burundi,Africa,0.715,20.43,27830,3 30 S,30 00 E,13590102
Cabo Verde,Africa,1.002,22.67,4033,16 00 N,24 00 W,611014
Cambodia,Asia,13.844,27.25,181035,13 00 N,105 00 E,17063669
Cameroon,Africa,7.105,24.94,475440,6 00 N,12 00 E,30966105
Canada,North and Central America,612.084,-4.22,9984670,60 00 N,95 00 W,38794813
Central African Republic,Africa,0.285,25.56,622984,7 00 N,21 00 E,5650957
Chad,Africa,1.771,27.28,128400,15 00 N,19 00 E,19093595
Chile,South America,88.333,9.37,756102,30 00 S,71 00 W,18664652
China,Asia,10773.248,8.10,9596960,35 00 N,105 00 E,1416043270
Colombia,South America,81.007,24.71,1138910,4 00 N,72 00 W,49588357
Comoros,Africa,0.326,23.74,2235,12 10 S,44 15 E,900141
Democratic Republic of Congo,Africa,2.653,25.05,2344858,0 00 N,25 00 E,115403027
Congo,Africa,4.523,24.38,342000,1 00 S,15 00 E,6097665
Cook Islands,Oceania,0.114,26.50,236,21 14 S,159 46 W,7761
Costa Rica,North and Central America,8.115,24.64,51100,10 00 N,84 00 W,5265575
Cote d’Ivoire,Africa,11.88,26.84,322463,8 00 N,5 00 W,29981758
Croatia,Europe,16.752,13.16,56594,45 10 N,15 30 E,4150116
Cuba,North and Central America,16.478,26.14,110860,21 30 N,80 00 W,10966038
Cyprus,Europe,8.024,19.33,9251,35 00 N,33 00 E,1320525
Czechia,Europe,99.533,9.71,78867,49 45 N,15 30 E,10837890
Denmark,Europe,33.85,9.77,43094,56 00 N,10 00 E,5973136
Djibouti,Africa,0.610,28.6,23200,11 30 N,43 00 E,994974
Dominica,North and Central America,0.182,26.68,751,15 25 N,61 20 W,74661
Dominican Republic,North and Central America,26.808,24.57,48670,19 00 N,70 40 W,10815857
Ecuador,South America,36.051,21.07,283561,2 00 S,77 30 W,18309984
Egypt,Africa,235.137,23.23,1001450,27 00 N,30 00 E,111247248
El Salvador,North and Central America,7.632,25.23,21041,13 50 N,88 55 W,6628702
Equatorial Guinea,Africa,4.528,24.89,28051,2 00 N,10 00 E,1795834
Eritrea,Africa,0.798,26.49,117600,15 00 N,39 00 E,6343956
Estonia,Europe,4.924,6.9,45228,59 00 N,26 00 E,1193791
Eswatini,Africa,1.224,20.6,17364,26 30 S,31 30 E,1138089
Ethiopia,Africa,16.798,23.45,1104300,8 00 N,38 00 E,118550298
Fiji,Oceania,1.691,24.98,18274,18 00 S,175 00 E,951611
Finland,Europe,41.996,3.24,338145,64 00 N,26 00 E,5626414
France,Europe,338.425,13.16,551500,46 00 N,2 00 E,68374591
French Polynesia,Oceania,1.03,24.05,4167,15 00 S,140 00 W,303540
Gabon,Africa,2.651,25.46,267667,1 00 S,11 45 E,2455105
The Gambia,Africa,0.606,28.46,11300,13 28 N,16 34 W,2523327
Georgia,Asia,10.299,9.92,69700,42 00 N,43 30 E,4900961
Germany,Europe,726.881,10.83,357022,51 00 N,9 00 E,84119100
Ghana,Africa,18.093,27.73,238533,8 00 N,2 00 W,34589092
Greece,Europe,70.163,14.88,131957,39 00 N,22 00 E,10461091
Grenada,North and Central America,0.316,26.33,344,12 07 N,61 40 W,114621
Guatemala,South America,19.041,23.77,108889,15 30 N,90 15 W,18255216
Guinea,Africa,2.981,25.95,245857,11 00 N,10 00 W,13986179
Guinea-Bissau,Africa,0.342,28.05,36125,12 00 N,15 00 W,2132325
Guyana,South America,2.743,26.16,214969,5 00 N,59 00 W,794099
Haiti,North and Central America,3.139,25.01,27750,19 00 N,72 25 W,11753943
Honduras,North and Central America,8.523,24.71,112090,15 00 N,86 30 W,9529188
Hong Kong,Asia,92.493,23.62,1108,22 15 N,114 10 E,7297821
Hungary,Europe,48.589,12.62,93028,47 00 N,20 00 E,9855745
Iceland,Europe,3.337,2.11,103000,65 00 N,18 00 W,364036
India,Asia,2314.738,25.2,3287263,20 00 N,77 00 E,1409128296
Indonesia,Asia,563.543,25.96,1904569,5 00 S,120 00 E,281562465
Iran,Asia,646.038,19.3,1648195,32 00 N,53 00 E,88386937
Iraq,Asia,143.479,23.81,438317,33 00 N,44 00 E,42083436
Ireland,Europe,35.475,10.35,70273,53 00 N,8 00 W,5233461
Israel,Asia,61.092,20.23,21937,31 30 N,34 45 E,9402617
Italy,Europe,332.041,14.38,301340,42 50 N,12 50 E,60964931
Jamaica,North and Central America,10.002,26.02,10991,18 15 N,77 30 W,2823713
Japan,Asia,1103.234,12.42,377915,36 00 N,138 00 E,123201945
Jordan,Asia,23.47,19.77,89342,31 00 N,36 00 E,11174024
Kazakhstan,Asia,263.689,8.06,2724900,48 00 N,68 00 E,20260006
Kenya,Africa,17.709,25.22,580367,1 00 N,38 00 E,58246378
Kiribati,Oceania,0.076,27.77,811,1 25 N,173 00 E,116545
North Korea,Asia,18.465,7.46,120538,40 00 N,127 00 E,26298666
South Korea,Asia,686.954,12.76,99720,37 00 N,127 30 E,52081799
Kosovo,Europe,8.009,12.2,10887,42 35 N,21 00 E,1977093
Kuwait,Asia,95.582,27.58,17818,29 30 N,45 45 E,3138355
Kyrgyzstan,Asia,7.88,3.93,199951,41 00 N,75 00 E,6172101
Laos,Asia,40.726,24.05,236800,18 00 N,105 00 E,7953556
Latvia,Europe,8.45,7.4,64589,57 00 N,25 00 E,1801246
Lebanon,Asia,25.838,15.66,10400,33 50 N,35 50 E,5364482
Lesotho,Africa,0.736,12.64,30355,29 30 S,28 30 E,2227548
Liberia,Africa,1.346,25.47,111369,6 30 N,9 30 W,5437249
Libya,Africa,38.297,22.8,1759540,25 00 N,17 00 E,7361263
Liechtenstein,Europe,0.335,9.05,160,47 16 N,9 32 E,40272
Lithuania,Europe,14.503,7.95,65300,56 00 N,24 00 E,2628186
Luxembourg,Europe,11.308,11.43,2586,49 45 N,6 10 E,671254
Madagascar,Africa,4.218,22.7,587041,20 00 S,47 00 E,29452714
Malawi,Africa,1.542,22.55,118484,13 30 S,34 00 E,21763309
Malaysia,Asia,254.764,26.35,329847,2 30 N,112 30 E,34564810
Maldives,Asia,2.286,28.08,298,3 15 N,73 00 E,388858
Mali,Africa,5.679,29.19,1240192,17 00 N,4 00 W,21990607
Malta,Europe,9.576,20.26,316,35 50 N,14 35 E,469730
Marshall Islands,Oceania,0.293,27.9,181,9 00 N,168 00 E,82011
Mauritania,Africa,4.041,28.9,1030700,20 00 N,12 00 W,4328040
Mauritius,Africa,7.191,23.27,2040,20 17 S,57 33 E,1310504
Mexico,North and Central America,463.739,21.7,1964375,23 00 N,102 00 W,130739927
Micronesia,Oceania,0.177,27.45,702,6 55 N,158 15 E,99603
Moldova,Europe,8.114,11.9,33851,47 00 N,29 00 E,3599528
Monaco,Europe,0.069,15.01,2,43 44 N,7 24 E,31813
Mongolia,Asia,22.74,1.31,1564116,46 00 N,105 00 E,3281676
Montenegro,Europe,2.447,11,13812,42 30 N,19 18 E,599849
Morocco,Africa,60.2,19.1,716550,28 30 N,10 00 W,37387585
Mozambique,Africa,7.753,24.42,799380,18 15 S,35 00 E,33350954
Namibia,Africa,3.831,20.24,824292,22 00 S,17 00 E,2803660
Nauru,Oceania,0.066,28.2,21,0 32 S,166 55 E,9892
Nepal,Asia,7.708,14.39,147181,28 00 N,84 00 E,31122387
Netherlands,Europe,214.416,11.72,41543,52 31 N,5 46 E,17772378
New Caledonia,Oceania,5.886,23.37,18575,21 30 S,165 30 E,304167
New Zealand,Oceania,40.344,11.66,268838,41 00 S,174 00 E,5161211
Nicaragua,North and Central America,4.851,25.81,130370,13 00 N,85 00 W,6676948
Niger,Africa,2.374,27.61,1267000,16 00 N,8 00 E,26342784
Nigeria,Africa,104.494,27.15,923768,10 00 N,8 00 E,236747130
North Macedonia,Europe,7.383,11.66,25713,41 50 N,22 00 E,2135622
Norway,Europe,36.731,2.88,323802,62 00 N,10 00 E,5509733
Oman,Asia,76.321,27.94,309500,21 00 N,57 00 E,3901992
Pakistan,Asia,193.869,22.23,796095,30 00 N,70 00 E,252363571
Palau,Oceania,0.105,27.54,459,7 30 N,134 30 E,21864
Panama,North and Central America,25.263,25.33,75420,9 00 N,80 00 W,4470241
Papua New Guinea,Oceania,6.491,24.78,462840,6 00 S,147 00 E,10046233
Paraguay,South America,7.896,23.86,406752,23 00 S,58 00 W,7522549
Peru,South America,54.996,19.58,1285216,10 00 S,76 00 W,32600249
Philippines,Asia,142.282,26.61,300000,13 00 N,122 E,118277063
Poland,Europe,304.04,9.7,312685,52 00 N,20 00 E,38746310
Portugal,Europe,50.37,16.9,92090,39 30 N,8 00 W,10207177
Qatar,Asia,111.922,29.11,11586,25 30 N,51 15 E,2552088
Romania,Europe,68.746,11.2,238391,46 00 N,25 00 E,18148155
Russia,Asia,1848.07,-2.87,17098242,60 00 N,100 00 E,140820810
Rwanda,Africa,1.189,19.14,26338,2 00 S,30 00 E,13623302
Saint Kitts and Nevis,North and Central America,0.268,27.34,261,17 20 N,62 45 W,55133
Saint Lucia,North and Central America,0.659,26.83,616,13 53 N,60 58 W,168038
Saint Vincent and the Grenadines,North and Central America,0.202,25.98,389,13 15 N,61 12 W,100647
Samoa,Oceania,0.355,27.53,2831,13 35 S,172 20 W,208853
San Marino,Europe,0.027,14.14,61,43 46 N,12 25 E,35095
Sao Tome and Principe,Africa,0.173,24.66,964,1 00 N,7 00 E,223561
Saudi Arabia,Asia,579.925,26.46,2149690,25 00 N,45 00 E,36544431
Senegal,Africa,10.696,29,196722,14 00 N,14 00 W,18847519
Serbia,Europe,47.735,12.56,77474,44 00 N,21 00 E,6652212
Seychelles,Africa,1.156,27.11,455,4 35 S,55 40 E,98187
Sierra Leone,Africa,0.899,26.64,71740,8 30 N,11 30 W,9121049
Singapore,Asia,238.983,27.7,719,1 22 N,103 48 E,6028459
Slovakia,Europe,32.506,9.81,49035,48 40 N,19 30 E,5563649
Slovenia,Europe,13.553,11.04,20273,46 07 N,14 49 E,2097893
Solomon Islands,Oceania,0.333,25.89,28896,8 00 S,159 00 E,726799
Somalia,Africa,0.882,27.1,637657,10 00 N,49 00 E,13017273
South Africa,Africa,470.358,18.42,1219090,29 00 S,24 00 E,60442647
South Sudan,Africa,1.778,28.08,644329,8 00 N,30 00 E,12703714
Spain,Europe,280.624,15.3,505370,40 00 N,4 00 W,47280433
Sri Lanka,Asia,23.939,27.24,65610,7 00 N,81 00 E,21982608
Sudan,Africa,17.319,27.57,1861484,15 00 N,30 00 E,50467278
Suriname,South America,2.372,26.53,163820,4 00 N,56 00 W,646758
Sweden,Europe,48.144,3.84,450295,62 00 N,15 00 E,10589835
Switzerland,Europe,38.739,8.08,41277,47 00 N,8 00 E,8860574
Syria,Asia,26.893,19.17,187437,35 00 N,38 00 E,23865423
Taiwan,Asia,279.206,20.79,35980,23 30 N,121 00 E,23595274
Tajikistan,Asia,7.643,5.09,144100,39 00 N,71 00 E,10394063
Tanzania,Africa,11.491,22.9,947300,6 00 S,35 00 E,67462121
Thailand,Asia,305.273,26.78,513120,15 00 N,100 00 E,69920998
Timor-Leste,Asia,0.538,24.3,14874,8 50 S,125 55 E,1506909
Togo,Africa,2.244,27.47,56785,8 00 N,1 10 E,8917994
Tonga,Oceania,0.171,25.1,747,20 00 S,175 00 W,104889
Trinidad and Tobago,North and Central America,39.652,26.46,5128,11 00 N,61 00 W,1408966
Tunisia,Africa,23.692,21.44,163610,34 00 N,9 00 E,12048847
Turkey,Asia,391.792,12.24,783562,39 00 N,35 00 E,84119531
Turkmenistan,Asia,109.037,17.66,488100,40 00 N,60 00 E,5744151
Tuvalu,Oceania,0.112,28.49,26,8 00 S,178 00 E,11733
Uganda,Africa,5.841,23.14,241038,1 00 N,32 00 E,49283041
Ukraine,Europe,185.686,10.04,603550,49 00 N,32 00 E,35661826
United Arab Emirates,Asia,276.236,28.93,83600,24 00 N,54 00 E,10032213
United Kingdom,Europe,398.084,10.11,243610,54 00 N,2 00 W,68459055
United States,North and Central America,5144.361,9.73,9833517,38 00 N,97 00 W,341963408
Uruguay,South America,6.45,17.73,176215,33 00 S,56 00 W,3425330
Uzbekistan,Asia,102.965,14.86,447400,41 00 N,64 00 E,36520593
Vanuatu,Oceania,0.225,24.76,12189,16 00 S,167 00 E,318007
Venezuela,South America,103.708,25.52,912050,8 00 N,66 00 W,31250306
Vietnam,Asia,249.929,24.73,331210,16 10 N,107 50 E,105758975
Yemen,Asia,10.158,25.51,527968,15 00 N,48 00 E,32140443
Zambia,Africa,6.798,21.92,752618,15 00 S,30 00 E,20799116
Zimbabwe,Africa,7.902,21.83,390757,20 00 S,30 00 E,17150352